{"_wandb":{"runtime":0},"_timestamp":1.782831865407455e+09,"_step":0,"MAE":1.6780109090608752,"MSE":11.219216247108406,"explained_variance":0.9276033182958879,"_runtime":0,"RMSE":3.3495098517706148,"R2":0.9274917653419487}