{"_step":0,"MAE":1.69540969546278,"explained_variance":0.9272688954168268,"_timestamp":1.782831861744391e+09,"_wandb":{"runtime":0},"R2":0.9271584482270815,"RMSE":3.357199797881072,"MSE":11.27079048289271,"_runtime":0}