{"RMSE":3.021056082425387,"MSE":9.126779853159428,"_timestamp":1.7828318733725429e+09,"_runtime":0,"explained_variance":0.9410761207821722,"MAE":1.4064209896289481,"_wandb":{"runtime":0},"_step":0,"R2":0.9410148908186149}