{"MAE":1.40151717760792,"RMSE":3.024006654539157,"explained_variance":0.9409511541121318,"_wandb":{"runtime":0},"MSE":9.144616246697105,"_timestamp":1.782831870787272e+09,"R2":0.9408996166871962,"_runtime":0,"_step":0}