{"R2":0.9406613718665418,"_runtime":0,"_step":0,"MAE":1.3970653105475732,"MSE":9.18147992397848,"_wandb":{"runtime":0},"explained_variance":0.9407274733093268,"_timestamp":1.782831878197056e+09,"RMSE":3.0300956955149916}