{"R2":0.9271815459075685,"_wandb":{"runtime":0},"_runtime":0,"_step":0,"explained_variance":0.9272892305324146,"_timestamp":1.782831858690725e+09,"MSE":11.26721657334418,"MAE":1.694615621539705,"RMSE":3.356667480306052}