{"MSE":11.266198654893739,"_runtime":0,"_timestamp":1.782831863513932e+09,"RMSE":3.3565158505351556,"explained_variance":0.9273031784614403,"R2":0.9271881245729799,"MAE":1.6937768261749429,"_step":0,"_wandb":{"runtime":0}}