{"_timestamp":1.782831880349028e+09,"MAE":1.4070584921782705,"explained_variance":0.9405718489804964,"R2":0.9405005028730222,"RMSE":3.0342002605762426,"_runtime":0,"_step":0,"MSE":9.20637122128094,"_wandb":{"runtime":0}}