{"MSE":11.136457521494023,"explained_variance":0.9280433677882088,"_runtime":0,"MAE":1.789898223148061,"_step":0,"RMSE":3.337133129123563,"_timestamp":1.782831875438945e+09,"R2":0.9280266234786207,"_wandb":{"runtime":0}}