{"R2":0.928255676633376,"_runtime":0,"_wandb":{"runtime":0},"RMSE":3.3318187334914766,"MAE":1.7966119859679768,"MSE":11.101016072844747,"explained_variance":0.9282655725463638,"_timestamp":1.782831868839283e+09,"_step":0}