{"MAE":1.6944877621399166,"_runtime":0,"_timestamp":1.782831856564277e+09,"_step":0,"R2":0.9271850885159625,"MSE":11.266668424711996,"_wandb":{"runtime":0},"explained_variance":0.9272923831370842,"RMSE":3.3565858285930954}