{"explained_variance":0.9277739110464468,"_wandb":{"runtime":0},"_runtime":0,"R2":0.9276671682418116,"RMSE":3.345456039921933,"MSE":11.192076115050142,"_step":0,"_timestamp":1.7828318668809721e+09,"MAE":1.6631486769594883}